year,month,pv_kwh,pv_used_kwh,load_kwh,gen_dc_kwh,genset_h,fuel_l
2005,1,589.715437796409,587.3426348028993,910.1750000000001,340.1475402923384,37.29687941801957,123.19272292618584
2005,2,602.3845990775826,566.8651522674274,823.2,290.33374456517345,31.834840412847967,105.15144257577055
2005,3,734.7551270635848,655.9790305624861,910.1750000000001,302.2983134255034,33.14674489314731,109.4847028288805
2005,4,902.3257827336853,756.3372729363074,882.0000000000001,154.8855571467678,16.98306547661928,56.09557990762125
2005,5,1052.3788891372083,907.1276085560175,913.2683000000001,26.54141530773331,2.910242906549705,9.612620509512661
2005,6,1082.503698517079,867.44388386242,889.2632000000001,53.657494667784775,5.883497222344823,19.433369613199563
2005,7,1167.1161066180343,952.1497046125494,925.8014000000001,0.0,0.0,0.0
2005,8,956.0463229124695,830.4075654548727,919.8529000000001,102.27448995143266,11.214308108709721,37.04119951058665
2005,9,768.6074389170643,730.0092397690449,884.1102000000001,178.41185605709236,19.562703515032062,64.61620251934832
2005,10,755.2549785270485,697.8850690114385,912.6617000000001,256.4064640700897,28.1147438673344,92.8638509557409
2005,11,544.4607962502856,525.7735086850378,882.0000000000001,365.070255854536,40.029633317383336,132.2190918665086
2005,12,279.6743440057537,279.6743440057537,911.4000000000001,685.9919232378132,75.21841263572514,248.44869628163758
2006,1,523.9111426433127,523.9111426433127,911.4000000000001,416.280748500285,45.64481891450494,150.76622005094055
2006,2,466.39035559880455,459.5348842796374,823.2,385.78840555363445,42.301360258073956,139.72267479182003
2006,3,525.0361009741392,483.1501371514731,910.1750000000001,482.0501590258464,52.85637708616738,174.5862152240074
2006,4,732.026041123656,702.3877118590307,882.0000000000001,181.88633184305186,19.94367673717674,65.87456861673529
2006,5,980.122754057481,869.7448528567143,914.1049,101.02447269226707,11.077244812748582,36.5884752905938
2006,6,935.8719886821328,817.3192908651397,895.8954,104.27563337023513,11.43373172919245,37.765962378241724
2006,7,983.0076126674197,906.2005665883852,928.3829000000001,24.247631474460377,2.65873152132241,8.781870782549777
2006,8,937.9658815767464,867.8240232481317,920.5118,96.58305735273271,10.590247516747008,34.97990846440678
2006,9,876.0182590143876,780.9758354418892,885.9348,125.72453066537545,13.785584502782397,45.53420335767519
2006,10,906.3255288227407,851.8541081380004,912.8334000000001,105.06499820285325,11.520284890663733,38.051850093404454
2006,11,653.1261630301042,636.5905269825698,882.0000000000001,265.75253479248573,29.13953232373747,96.24875828143588
2006,12,553.4781783696941,553.4781783696941,911.4000000000001,384.71348245719776,42.183495883464666,139.33336519083784
2007,1,476.0061092498899,476.0061092498899,911.4000000000001,471.9240525125425,51.746058389533175,170.9187989230035
2007,2,438.3274719369738,438.3274719369738,823.2,424.50910755594424,46.54705126709916,153.74632085193355
2007,3,650.6890659894873,598.6177993569368,910.1750000000001,341.3152298554505,37.42491555432572,123.61563016428798
2007,4,997.7294527809493,865.8399347996643,882.0685000000001,50.48135749600755,5.535236567544688,18.283054117041544
2007,5,885.8351533542224,802.0436445122756,913.6955,128.65526480097816,14.106936929931818,46.595640162502065
2007,6,1030.3881865771393,878.8904985823225,892.8554,51.33458401525588,5.628792106935952,18.592070898667235
2007,7,1241.405922779215,963.8860898506275,938.3597,0.0,0.0,0.0
2007,8,1148.881498400222,947.673742039733,931.4529,0.0,0.0,0.0
2007,9,878.0804907284138,785.9261866094382,883.0456,126.96328393647002,13.92141271233224,45.98284804982467
2007,10,666.0362651188533,621.1400429287906,913.0276000000001,305.95681134122583,33.54789598039758,110.80971702616168
2007,11,489.404577016502,487.5887541633405,882.0000000000001,439.78704767900143,48.22226399989051,159.2795992723656
2007,12,587.5489910637036,587.5489910637036,911.4000000000001,362.0955268199635,39.703456888153895,131.14172123662954
2008,1,482.6958732816677,478.942733711978,911.4000000000001,446.99500198650765,49.01260986694163,161.89013562111023
2008,2,718.1180542944833,699.4683755066288,852.6,207.6183585348602,22.765170891980286,75.19404930987427
2008,3,641.0941579236771,613.3064392890863,910.1750000000001,332.999502628984,36.51310335844123,120.6038868506089
2008,4,742.910423007551,728.6430946331759,882.0000000000001,157.66916532700364,17.288285671820578,57.10373146146796
2008,5,903.4127148031773,816.3868878250211,914.4966000000001,150.5764754809721,16.510578451860976,54.53494094705595
2008,6,968.0257473182328,838.6904422184389,892.8023000000001,78.87320679255187,8.648377937779811,28.565854400545433
2008,7,1036.2768061046113,872.5717367374539,927.8634000000001,53.69450917337718,5.887555830414165,19.446775318640725
2008,8,1124.1386923924915,939.6935583674801,932.0663000000001,46.3057390897006,5.077383672116294,16.770752129111397
2008,9,801.8717917829264,727.9177522629421,889.7198000000001,178.02603229477663,19.520398277936035,64.47646703924326
2008,10,786.3400838563647,767.5284183909695,912.6451000000001,155.57442496214148,17.05859922830499,56.34507017834072
2008,11,484.2253457718052,484.2253457718052,882.0098,447.7449327434987,49.0948391166117,162.1617413245659
2008,12,420.7939296925334,420.7939296925334,911.4000000000001,520.7553365868426,57.10036585382047,188.60423872928578
2009,1,289.4022006513136,289.4022006513136,911.4000000000001,653.1011667496408,71.61197003833782,236.5365070963279
2009,2,548.5407951195536,522.9709290235062,823.2,342.3611632243594,37.53960123074116,123.99444042881171
2009,3,678.1285264804532,663.2477074520401,910.1750000000001,258.1575473474412,28.306748612658026,93.49804844787045
2009,4,721.0776851507503,679.6919223194045,882.0018000000001,252.48942246418673,27.685243691248548,91.44519885897246
2009,5,995.8856255339491,905.7232990150102,915.9127000000001,26.574401236786883,2.913859784735404,9.624567167762395
2009,6,912.7140793006334,774.8491404019733,887.7843,152.88247621857505,16.763429409931476,55.37011532371305
2009,7,1073.2899716176835,933.205403570165,927.6675,27.27849507914263,2.9910630569235344,9.879571915292885
2009,8,936.4103993819111,847.8371876087265,928.4141000000001,106.57114002816039,11.685432020631621,38.597336068146866
2009,9,822.4554774619475,740.3931031930761,885.317,167.80558890143288,18.399735625157117,60.77488433764017
2009,10,673.2748833263328,620.5783977125059,912.9547000000001,329.7336305387044,36.15500334854215,119.42107166639681
2009,11,542.5191579028103,535.7435866863873,882.0000000000001,356.46544212576043,39.08612304010531,129.10264882943875
2009,12,293.0953216273678,293.0953216273678,911.4000000000001,648.1610202473488,71.07028730782335,234.74731262281043
2010,1,438.76796010396333,438.76796010396333,911.4000000000001,505.8945753912678,55.470896424481126,183.22205182631643
2010,2,329.0971971573264,329.0971971573264,823.2,528.5180175151323,57.9515370082382,191.41568284539284
2010,3,721.8147011927681,660.5963173389891,910.1750000000001,290.2328040097486,31.823772369489976,105.11488449316386
2010,4,718.2709217200562,693.7474180469558,882.0000000000001,233.53889782102982,25.60733528739362,84.58180443411833
2010,5,868.3334766849163,786.774423958696,911.5663000000001,127.14485644780589,13.941321978926085,46.04860896069525
2010,6,947.8930987188211,837.772975468477,890.1728,103.15185148650818,11.310510031415372,37.358957376493194
2010,7,1085.2512011973583,949.094492735097,930.1405,0.0,0.0,0.0
2010,8,1170.77542635693,966.907941570781,933.0683,0.0,0.0,0.0
2010,9,784.3466675096844,727.3247457904534,883.3443000000001,171.02830992158695,18.753104158068744,61.94207130998464
2010,10,601.6977001721339,581.0428621569746,912.6250000000001,357.5245709167046,39.20225558297199,129.48623813769538
2010,11,371.58496515672624,371.58496515672624,882.0000000000001,531.4686969184219,58.275076416493626,192.484343315085
2010,12,376.1501788363674,376.1501788363674,911.4000000000001,576.8959318792026,63.256132881491524,208.93692376007806
2011,1,470.0683583933477,470.0683583933477,911.4000000000001,472.1803948534751,51.77416610235473,171.01163955020198
2011,2,618.543790126735,596.6189371346203,823.2,257.8983093531124,28.278323393981626,93.40415908921203
2011,3,806.4535895334874,711.3104711900272,910.1750000000001,250.2591033940303,27.44069116162613,90.63743444294691
2011,4,898.4399190151836,774.7369951771499,882.0062,122.41307595145473,13.422486398185827,44.33487931521985
2011,5,947.9948643160374,879.7411556505502,912.4282000000001,76.90116069940123,8.432144813530837,27.851629838632157
2011,6,1015.1598495794678,892.9744401456796,888.2286,0.0,0.0,0.0
2011,7,1065.3826027631771,917.0238369337048,925.5217,52.8161540730883,5.791244964154419,19.128657608873688
2011,8,1099.7742344237895,951.1634115270613,933.8236,0.0,0.0,0.0
2011,9,987.147213554582,888.63697354848,894.4881,46.72462459274107,5.1233141000812585,16.92246172451082
2011,10,873.3192199149818,790.6858067979992,913.1214000000001,151.23392149400055,16.58266683048252,54.77305104613922
2011,11,746.481649303969,737.1659714955019,882.0000000000001,157.09607850179228,17.225447204143894,56.89617409853588
2011,12,379.07312670266367,379.07312670266367,911.4000000000001,570.9968232647468,62.609300796573116,206.8004177826203
2012,1,644.5670399553078,638.32527285178,911.4000000000001,309.9525893215005,33.98602953086629,112.2568854201341
2012,2,447.8866315829429,446.68223976504424,852.6,447.4367022743918,49.061041916051735,162.05010814695876
2012,3,1071.3025110121891,912.2374969411687,910.1750000000001,24.910343985276892,2.731397366806677,9.021888272179629
2012,4,664.1688319064114,621.1899780589815,882.8274,295.29459720684235,32.37879355338184,106.94813628238244
2012,5,990.0189895024275,838.8282155300103,912.7571,79.68350111697461,8.73722599966827,28.859322241328528
2012,6,1164.253804984748,944.4765688143964,898.5561,0.0,0.0,0.0
2012,7,1144.3676739842408,925.9867421128682,940.1202000000001,23.159859483152424,2.5394582766614504,8.38790764109388
2012,8,1173.6447476826681,984.0883230825394,940.4551,0.0,0.0,0.0
2012,9,946.5452983593954,862.7099991999205,890.1172,53.35855947182066,5.850719240331213,19.325102945336432
2012,10,723.1711569590432,713.2438292940475,913.4277000000001,205.83147769113575,22.569240974905238,74.54688685650517
2012,11,458.4582455942047,458.4582455942047,882.0000000000001,447.6838473480917,49.08814115658901,162.13961775964248
2012,12,371.38894179480985,371.38894179480985,911.4000000000001,583.7997728719554,64.013132990346,211.43731805902158
2013,1,463.86100543370975,463.86100543370975,911.4000000000001,493.58646350030693,54.12132275222665,178.764369090688
2013,2,456.16370959206944,456.16370959206944,823.2,409.26417622872236,44.87545791981605,148.2249973715136
2013,3,578.6264663115871,522.0371090293652,910.1750000000001,391.9094438983049,42.97252674323519,141.93955803068593
2013,4,904.7630675679449,786.7645430350815,882.7115000000001,153.40973578234016,16.82124295858993,55.56107522685765
2013,5,933.2154474260573,833.4714602879978,912.8967,91.71641865010669,10.056624851985383,33.21733663231535
2013,6,964.133003448715,852.4654347961423,890.4052,76.9866711638018,8.441520960943182,27.88259953766081
2013,7,1091.427827780318,930.6680917258623,926.8166,25.96799239048591,2.8473675866760866,9.404941422657377
2013,8,1054.762892799462,928.3309873741448,932.8985,19.372895550349437,2.124221003327789,7.016366344325121
2013,9,909.6936015059858,827.7451427297076,883.8968000000001,72.682350151444,7.969555937658334,26.323684763780555
2013,10,802.7418241389815,778.6782970501021,912.7661,186.0817825641522,20.403704228525463,67.39405336088713
2013,11,426.77330823825497,424.0917802207538,882.0000000000001,467.7494832856339,51.28832053570548,169.40687692096657
2013,12,573.7555567011613,573.7555567011613,911.4000000000001,376.16089332844143,41.245711987767706,136.23583656565694
2014,1,332.11705001163193,332.11705001163193,911.4000000000001,621.0868162849544,68.1016245926485,224.9417297151117
2014,2,421.6905053530071,420.03760522919316,823.2,420.9251792468692,46.15407667180584,152.44831385535866
2014,3,839.9887167804876,716.3631951724362,910.1750000000001,249.8103622008119,27.391487083422362,90.47491188160718
2014,4,632.6843131960301,619.1137812134375,882.0000000000001,261.55801318615056,28.679606709007736,94.72961003884373
2014,5,924.5544732900598,788.2949266718107,912.0272000000001,181.15760805456114,19.86377281300013,65.6106435338489
2014,6,882.1304281688892,812.0344095518352,887.8364,90.68938613272384,9.94401163736007,32.84537177188629
2014,7,971.4839989484036,875.1779676102202,918.5838,71.90289675624062,7.884089556605331,26.041386717272154
2014,8,1073.7064165479633,956.3713630593915,921.5711,0.0,0.0,0.0
2014,9,694.4921101742516,652.2430142506342,882.3244000000001,259.1620785022432,28.41689457261439,93.86186389136267
2014,10,737.0937977616077,716.3488806506534,912.8707,225.65208288992577,24.742552948456773,81.7254021630845
2014,11,474.2829445433817,463.55264087992174,882.0000000000001,420.9630584042184,46.158230088181845,152.4620327155097
2014,12,433.22829663970896,433.22829663970896,911.4000000000001,516.7391057593595,56.65998966659645,187.1496628381519
2015,1,457.03579925699694,456.5244677540575,911.4000000000001,488.96519130244985,53.614604309479155,177.0906627191887
2015,2,552.5620680118517,529.1469905666153,823.2,332.1769230477467,36.422908228919596,120.3059696046132
2015,3,782.5145495661645,736.6541617153567,910.1750000000001,211.46918356565968,23.187410478690758,76.58871945991795
2015,4,922.9649851828781,832.6199696138337,882.0000000000001,78.78067267989529,8.638231653497291,28.532340916097112
2015,5,995.2838999098387,875.7740927789253,913.6365000000001,77.38737455797934,8.485457736620543,28.02772403914058
2015,6,1055.433513942013,914.8902309302711,889.2652,0.0,0.0,0.0
2015,7,1155.0587039213917,969.8018974102122,944.3558,0.0,0.0,0.0
2015,8,942.4735141506815,881.8847860573363,934.2399,80.16971399876135,8.790538815653656,29.035416088068136
2015,9,912.5467094440912,802.0095337552357,891.0709,101.1877979163654,11.095153280303224,36.647627501607616
2015,10,606.1676240005057,597.271176477426,912.6425,360.09634469302136,39.484248321603225,130.41766869862883
2015,11,627.479232828083,616.2236505848966,882.0167,281.78394927530405,30.897362859134216,102.05492580744331
2015,12,769.6646328551092,769.6646328551092,911.4000000000001,173.12010834180143,18.98246801993437,62.699667096146854
2016,1,446.3896707752903,444.23924007365315,911.4000000000001,503.30255658817055,55.18668383642221,182.28328903545517
2016,2,366.0179911030964,366.0179911030964,852.6,504.9670801649859,55.369197386511615,182.8861368221141
2016,3,590.6382851115948,562.1119225295844,910.1750000000001,410.3788602800676,44.99768204825303,148.62870737150243
2016,4,892.102807398819,771.3075642410633,882.3114,128.14887694297602,14.051411945501755,46.41223945635428
2016,5,845.5782551399253,767.3281662369359,912.1313,184.08670637837218,20.184945874821512,66.67148788956196
2016,6,928.84251805484,862.9067354926764,890.1170000000001,52.62212983493693,5.769970376637822,19.058387001621895
2016,7,1103.9400710435807,929.5294737523391,929.6294,26.53518808177645,2.9095600966860147,9.610365167841683
2016,8,1053.608674907139,919.8857591369153,924.9746,25.223467070891992,2.7657310384749993,9.135293430114391
2016,9,789.4841379249588,738.4304588248754,885.0393,180.8373493992581,19.828656732374792,65.49465405541977
2016,10,624.6193640392677,600.0344461771194,912.6324000000001,343.8763864279552,37.70574412587228,124.54321544606299
2016,11,552.6001876079266,548.8318704840901,882.0000000000001,350.92382743856575,38.47848985071993,127.09561799177189
2016,12,710.38303150366,710.38303150366,911.4000000000001,215.02894105196563,23.57773476446992,77.87797240385518
2017,1,545.2671472086932,535.677284755329,911.4000000000001,419.09801106687263,45.95372928364832,151.7865603611414
2017,2,463.8254734793112,460.4239089653219,823.2,393.117759213005,43.10501745756634,142.37717887499184
2017,3,975.2599176046075,861.0877348372866,910.1750000000001,104.94117406797503,11.506707682892,38.00700416470388
2017,4,862.2415436275459,773.3026266287787,882.0000000000001,127.84239488681744,14.017806456887879,46.30123950911451
2017,5,997.1645494355901,846.7337222805171,911.7756,102.3627965430377,11.223990849017293,37.07318189523893
2017,6,1092.7716122840532,911.4801338051689,894.067,0.0,0.0,0.0
2017,7,1136.8317719843262,967.2886964647312,934.8135,0.0,0.0,0.0
2017,8,1160.1371116881373,970.5021972744395,942.5867000000001,0.0,0.0,0.0
2017,9,807.4018189140255,772.2692373522639,884.1379000000001,127.66713231859744,13.99858907002165,46.237763897950295
2017,10,893.1439288302639,853.7800302639264,912.9935,98.44909705637241,10.794857133374169,35.655740228417706
2017,11,401.8840939804233,396.0032806755624,882.0000000000001,491.53863874977,53.896780564667765,178.02269944087232
2017,12,411.20261036089624,411.20261036089624,911.4000000000001,545.0620433553996,59.76557492932014,197.40750506957258
2018,1,446.9418187362955,446.9418187362955,911.4000000000001,494.45690385301083,54.21676577335646,179.0796202816925
2018,2,380.21490920308355,380.21490920308355,823.2,483.19627313122464,52.98204749245885,175.00130838418224
2018,3,512.1855919722611,511.15029474352457,910.1750000000001,415.3912599809267,45.54728727861039,150.44407010207672
2018,4,982.6610762717445,812.3679634016501,883.5086,130.1458065214721,14.27037352209124,47.135476179028636
2018,5,892.3584650272886,851.6736846643116,914.3878000000001,76.60915806193317,8.40012698047513,27.745873965811793
2018,6,869.3165987329508,817.0388727229472,887.5772000000001,99.17436565824364,10.87438219936882,35.91841393124853
2018,7,1123.7005164429545,961.4127577346798,924.5213,0.0,0.0,0.0
2018,8,933.0644981736762,890.43872997818,930.6079,69.58481834760538,7.62991429250059,25.201838117653462
2018,9,1001.6210581884557,916.1851756770595,888.619,0.0,0.0,0.0
2018,10,790.809419674766,749.8608639298375,913.0942000000001,179.14944488898595,19.643579483441446,64.88333829379144
2018,11,527.1304103820237,527.1304103820237,882.0862000000001,396.5996715183209,43.48680608753519,143.63823828913138
2018,12,455.6309327601117,455.6309327601117,911.4000000000001,477.0288951287679,52.30579990447017,172.76764210870448
2019,1,353.22747200966455,353.22747200966455,911.4000000000001,590.3849751715912,64.73519464600781,213.8223095883288
2019,2,704.6438549590913,675.0870158528021,823.2,193.35154429871628,21.200827225736436,70.02697477591731
2019,3,945.538253627164,821.9150600016275,910.1750000000001,123.26257075991337,13.515632758762433,44.642544566821364
2019,4,711.6736408543933,664.4767120897368,882.0939000000001,216.9408287428441,23.787371572680275,78.57040913400455
2019,5,635.9564528108477,607.2325265017024,911.4000000000001,331.19703335051264,36.31546418317025,119.95107866562293
2019,6,1052.9665197511738,875.6248042686946,897.2489,78.38167574661102,8.59448198975998,28.38783445102539
2019,7,1024.213777182398,888.4914218854706,930.1477,46.08744811498252,5.053448258221768,16.6916927317022
2019,8,1095.0571389011047,958.859512544304,937.8112,0.0,0.0,0.0
2019,9,845.0589396329849,795.2133713235738,887.1637000000001,129.3600293284052,14.184213742149693,46.85088781497929
2019,10,923.7374592430651,887.2932601469822,913.5916000000001,51.55196503963776,5.652627745574316,18.670800735381828
2019,11,320.8515404731607,320.8515404731607,882.0000000000001,593.6195354464072,65.08986134280781,214.99378443533487
2019,12,408.1776886981548,408.1776886981548,911.4000000000001,551.7689763054735,60.50098424402123,199.836584321161
2020,1,642.6880174482483,641.1475931231851,911.4000000000001,286.95199749350866,31.464034812884723,103.92666044255861
2020,2,685.9382144184272,671.7129549835759,852.6,232.43749403296786,25.486567328176303,84.1829042051884
2020,3,717.6925490019088,643.7487400643815,910.1750000000001,289.70626986142895,31.76603836199879,104.92418731690508
2020,4,995.4545492425452,810.9720258964577,882.0000000000001,102.6236964666646,11.252598296783399,37.16767316210274
2020,5,929.4089494137647,833.8964736092702,913.4380000000001,102.0925769884748,11.194361511894169,36.975315296862554
2020,6,917.409058487477,849.6626294568182,886.1164,77.5196723752212,8.499964076230397,28.075638918457976
2020,7,1172.8438148507953,954.7216608819184,929.2232,0.0,0.0,0.0
2020,8,984.1738230056558,928.8270870538053,929.1927000000001,26.148399498761854,2.867149067846695,9.47028025440272
2020,9,840.4586820841718,767.3616816281873,891.6133000000001,147.9324978648819,16.220668625535296,53.577360005555974
2020,10,710.9139608232799,690.453154837012,912.6471,235.15679622215478,25.784736427867852,85.16776577689683
2020,11,660.2703216890442,660.2703216890442,882.0000000000001,272.3267941520422,29.860394095618666,98.62978655825559
2020,12,362.5870729789476,362.5870729789476,911.4000000000001,564.3967774275807,61.88561156004175,204.41005030438032
2021,1,374.8684232396702,373.4502016338905,911.4000000000001,575.0983477728632,63.05902936105957,208.28588485925738
2021,2,619.1819119688146,574.3932434746478,823.2,298.6152865062921,32.74290422218115,108.1508048550832
2021,3,897.9858745425048,787.4498789334718,910.1750000000001,155.28495140100998,17.026858706251094,56.240230272162705
2021,4,857.4588507069733,774.202223127183,882.0002000000001,131.4242103533652,14.41054938085145,47.5984812882669
2021,5,1055.2750884834925,883.1322358150704,912.1444,47.67768034393739,5.227815827186118,17.267634095857176
2021,6,1061.1560574341595,910.4182930585557,897.1974,24.84711787774077,2.724464679576839,8.998989396178043
2021,7,1111.1210646274303,965.3496168002843,939.3263000000001,0.0,0.0,0.0
2021,8,1082.6139686700071,942.0334029720103,934.7133,19.139235779079808,2.098600414372786,6.931740762625263
2021,9,904.8877599348455,824.8806379799977,886.1408,60.45548672619765,6.628891088398865,21.89542814046898
2021,10,747.8860439657142,706.6924427891764,912.6610000000001,264.15521265332126,28.96438735233786,95.67024913347959
2021,11,422.4812789441953,420.48436536222806,882.0241000000001,487.48578394991887,53.45238859099988,176.55485928542384
2021,12,381.1111217599604,381.1111217599604,911.4000000000001,545.9947516061104,59.867845570845446,197.74530809764101
2022,1,645.3244445518345,641.0642908321397,911.4000000000001,313.4094643741336,34.365072848040974,113.5088769829232
2022,2,627.7760013338958,614.9233478842687,823.2,240.27521731590474,26.34596681095447,87.02152673921324
2022,3,1033.9021180779878,877.2343145881331,910.1750000000001,52.71530511053399,5.780186963874342,19.092132698857675
2022,4,932.7706668784015,783.2453812771076,882.0000000000001,153.31006166522562,16.810313779081756,55.52497581575489
2022,5,1010.2220455594949,848.1728992406017,915.0784000000001,93.72503627579054,10.276868012696331,33.94480646617879
2022,6,1119.9496522738445,905.172934662624,899.6752,20.273327167298852,2.2229525402739974,7.342479602723202
2022,7,1123.4469176894875,961.3055280520572,939.4311,0.0,0.0,0.0
2022,8,795.469826380775,757.445989600171,930.503,196.21531810849723,21.514837511896626,71.06416026656764
2022,9,794.0024105501452,707.6408562238731,884.9319,204.0520825240561,22.374131855707905,73.90243552339884
2022,10,857.2673433785862,826.0261380769695,913.0245000000001,123.53509094448901,13.545514357948358,44.74124439443548
2022,11,489.14464488190697,489.14464488190697,882.0883000000001,395.3087142689814,43.34525375756375,143.17068665377118
2022,12,242.35749433086315,242.35749433086315,911.4000000000001,718.7839480348858,78.81402938979012,260.32512737839767
2023,1,467.5658040862007,467.5658040862007,911.4000000000001,469.8837073535173,51.522336332622515,170.17983818957134
2023,2,698.5155559902819,674.8637054011293,823.2,186.06209829188288,20.401545865338036,67.38692422187411
2023,3,845.8866295766742,730.1131539057237,910.1750000000001,228.8831092929953,25.09683215931966,82.89559713229828
2023,4,783.3813850334308,737.6566643638556,882.0000000000001,147.6018248717457,16.184410621901943,53.457598720827626
2023,5,763.3396294494967,728.6014511157699,911.7886000000001,207.37666193822727,22.738669072174044,75.10651299596881
2023,6,870.4140948403542,791.1505180356137,888.8295,152.7143926649665,16.744999195720013,55.309239767681255
2023,7,1170.1150837124064,964.534387715006,938.0191,0.0,0.0,0.0
2023,8,1014.0531256932311,906.4210230478637,929.9964,25.116912029018376,2.7540473716028924,9.096701924385311
2023,9,922.9333153716848,850.1231911106586,890.5131,92.82496069946865,10.178175515292617,33.61882215657258
2023,10,793.9400791353556,749.0293692102194,913.7568000000001,178.80075111263903,19.60534551673674,64.75705034316074
2023,11,374.50469172669364,372.62159977588,882.0000000000001,531.7363771404468,58.30442731803146,192.5812902322857
2023,12,433.35644475887744,433.35644475887744,911.4000000000001,519.2866983587338,56.939330960387494,188.0723355964314
